seconds,T1,T2,T3,fluid_in,fluid_out,P_in,P_out,heater_power,pump_power,T1_C,T2_C,T3_C,fluid_in_C,fluid_out_C,delta_p,pump_power_calc,pump_cost_per_day,Q_dot,efficiency,delta_T
0.0,218,219,169,1,2,50,145,,,77.37929016024219,77.19835371617438,87.41635037081107,426.52186008440685,349.9147799075381,95,0.0006333336499999999,0.006566403283199999,835.0171739278694,,76.60708017686875
0.1,218,220,168,2,2,63,155,,,77.37929016024219,77.01820319485813,87.65035248750775,349.9147799075381,349.9147799075381,92,0.00061333364,0.0063590431795199995,0.0,,0.0
0.201,217,218,168,2,3,65,155,,,77.56102076551883,77.37929016024219,87.65035248750775,349.9147799075381,312.3756795479892,90,0.0006000002999999999,0.006220803110399999,409.1761939190831,,37.53910035954891
0.301,218,219,168,2,2,65,156,,,77.37929016024219,77.19835371617438,87.65035248750775,349.9147799075381,349.9147799075381,91,0.00060666697,0.00628992314496,0.0,,0.0
0.402,217,220,168,4,2,82,175,,,77.56102076551883,77.01820319485813,87.65035248750775,288.3492588429451,349.9147799075381,93,0.00062000031,0.006428163214079999,-671.0641796040636,,-61.565521064592986
0.502,216,220,168,1,1,65,160,,,77.74355389075214,77.01820319485813,87.65035248750775,426.52186008440685,426.52186008440685,95,0.0006333336499999999,0.006566403283199999,0.0,,0.0
0.602,217,219,169,2,1,78,169,,,77.56102076551883,77.19835371617438,87.41635037081107,349.9147799075381,426.52186008440685,91,0.00060666697,0.00628992314496,-835.0171739278694,,-76.60708017686875
0.703,216,219,169,1,1,86,177,,,77.74355389075214,77.19835371617438,87.41635037081107,426.52186008440685,426.52186008440685,91,0.00060666697,0.00628992314496,0.0,,0.0
0.803,218,219,168,2,2,82,174,,,77.37929016024219,77.19835371617438,87.65035248750775,349.9147799075381,349.9147799075381,92,0.00061333364,0.0063590431795199995,0.0,,0.0
0.903,217,219,168,2,1,73,165,,,77.56102076551883,77.19835371617438,87.65035248750775,349.9147799075381,426.52186008440685,92,0.00061333364,0.0063590431795199995,-835.0171739278694,,-76.60708017686875
1.003,217,219,167,3,1,76,166,,,77.56102076551883,77.19835371617438,87.88578259462008,312.3756795479892,426.52186008440685,90,0.0006000002999999999,0.006220803110399999,-1244.1933678469525,,-114.14618053641766
1.104,217,219,169,2,2,81,174,,,77.56102076551883,77.19835371617438,87.41635037081107,349.9147799075381,349.9147799075381,93,0.00062000031,0.006428163214079999,0.0,,0.0
1.204,216,219,168,2,1,56,153,,,77.74355389075214,77.19835371617438,87.65035248750775,349.9147799075381,426.52186008440685,97,0.00064666699,0.006704643352319999,-835.0171739278694,,-76.60708017686875
1.304,217,220,169,1,1,59,154,,,77.56102076551883,77.01820319485813,87.41635037081107,426.52186008440685,426.52186008440685,95,0.0006333336499999999,0.006566403283199999,0.0,,0.0
1.405,217,218,168,2,1,77,169,,,77.56102076551883,77.37929016024219,87.65035248750775,349.9147799075381,426.52186008440685,92,0.00061333364,0.0063590431795199995,-835.0171739278694,,-76.60708017686875
1.505,218,220,168,1,2,69,160,,,77.37929016024219,77.01820319485813,87.65035248750775,426.52186008440685,349.9147799075381,91,0.00060666697,0.00628992314496,835.0171739278694,,76.60708017686875
1.607,218,220,168,1,2,66,164,,,77.37929016024219,77.01820319485813,87.65035248750775,426.52186008440685,349.9147799075381,98,0.0006533336599999999,0.00677376338688,835.0171739278694,,76.60708017686875
1.708,217,219,168,4,1,104,194,,,77.56102076551883,77.19835371617438,87.65035248750775,288.3492588429451,426.52186008440685,90,0.0006000002999999999,0.006220803110399999,-1506.081353531933,,-138.17260124146173
1.808,216,218,168,0,2,66,153,,,77.74355389075214,77.37929016024219,87.65035248750775,,349.9147799075381,87,0.0005800002899999999,0.006013443006719999,,,
1.909,218,219,168,1,1,63,158,,,77.37929016024219,77.19835371617438,87.65035248750775,426.52186008440685,426.52186008440685,95,0.0006333336499999999,0.006566403283199999,0.0,,0.0
2.009,217,219,169,2,1,59,154,,,77.56102076551883,77.19835371617438,87.41635037081107,349.9147799075381,426.52186008440685,95,0.0006333336499999999,0.006566403283199999,-835.0171739278694,,-76.60708017686875
2.11,218,219,167,2,1,61,156,,,77.37929016024219,77.19835371617438,87.88578259462008,349.9147799075381,426.52186008440685,95,0.0006333336499999999,0.006566403283199999,-835.0171739278694,,-76.60708017686875
2.21,217,217,168,2,1,57,151,,,77.56102076551883,77.56102076551883,87.65035248750775,349.9147799075381,426.52186008440685,94,0.00062666698,0.00649728324864,-835.0171739278694,,-76.60708017686875
2.31,217,219,168,2,2,53,146,,,77.56102076551883,77.19835371617438,87.65035248750775,349.9147799075381,349.9147799075381,93,0.00062000031,0.006428163214079999,0.0,,0.0
2.41,216,219,167,1,2,55,152,,,77.74355389075214,77.19835371617438,87.88578259462008,426.52186008440685,349.9147799075381,97,0.00064666699,0.006704643352319999,835.0171739278694,,76.60708017686875
2.511,216,219,168,2,0,55,148,,,77.74355389075214,77.19835371617438,87.65035248750775,349.9147799075381,,93,0.00062000031,0.006428163214079999,,,
2.611,217,220,167,1,2,46,150,,,77.56102076551883,77.01820319485813,87.88578259462008,426.52186008440685,349.9147799075381,104,0.00069333368,0.007188483594239998,835.0171739278694,,76.60708017686875
2.711,215,222,167,2,2,53,147,,,77.92689801733297,76.66022755437217,87.88578259462008,349.9147799075381,349.9147799075381,94,0.00062666698,0.00649728324864,0.0,,0.0
2.812,216,220,167,2,1,57,155,,,77.74355389075214,77.01820319485813,87.88578259462008,349.9147799075381,426.52186008440685,98,0.0006533336599999999,0.00677376338688,-835.0171739278694,,-76.60708017686875
2.912,214,219,168,2,0,53,149,,,78.11106175170545,77.19835371617438,87.65035248750775,349.9147799075381,,96,0.00064000032,0.0066355233177600005,,,
3.012,259,263,204,3,3,56,152,,,70.52906997233748,69.91491351144026,79.99976548507618,312.3756795479892,312.3756795479892,96,0.00064000032,0.0066355233177600005,0.0,,0.0
3.113,264,269,207,3,2,54,148,,,69.76267294804126,69.00903323537915,79.42390728204447,312.3756795479892,349.9147799075381,94,0.00062666698,0.00649728324864,-409.1761939190831,,-37.53910035954891
3.214,214,219,168,2,2,49,147,,,78.11106175170545,77.19835371617438,87.65035248750775,349.9147799075381,349.9147799075381,98,0.0006533336599999999,0.00677376338688,0.0,,0.0
3.314,214,221,168,2,2,50,148,,,78.11106175170545,76.83883047582896,87.65035248750775,349.9147799075381,349.9147799075381,98,0.0006533336599999999,0.00677376338688,0.0,,0.0
3.415,214,219,169,2,2,44,143,,,78.11106175170545,77.19835371617438,87.41635037081107,349.9147799075381,349.9147799075381,99,0.00066000033,0.0068428834214399985,0.0,,0.0
3.515,214,219,169,3,3,69,164,,,78.11106175170545,77.19835371617438,87.41635037081107,312.3756795479892,312.3756795479892,95,0.0006333336499999999,0.006566403283199999,0.0,,0.0
3.616,213,219,168,4,2,77,167,,,78.29605382783535,77.19835371617438,87.65035248750775,288.3492588429451,349.9147799075381,90,0.0006000002999999999,0.006220803110399999,-671.0641796040636,,-61.565521064592986
3.716,211,218,168,2,2,60,159,,,78.66855859407826,77.37929016024219,87.65035248750775,349.9147799075381,349.9147799075381,99,0.00066000033,0.0068428834214399985,0.0,,0.0
3.817,211,218,168,1,3,75,171,,,78.66855859407826,77.37929016024219,87.65035248750775,426.52186008440685,312.3756795479892,96,0.00064000032,0.0066355233177600005,1244.1933678469525,,114.14618053641766
3.917,181,220,169,1,2,62,161,,,84.71319820307053,77.01820319485813,87.41635037081107,426.52186008440685,349.9147799075381,99,0.00066000033,0.0068428834214399985,835.0171739278694,,76.60708017686875
4.017,194,219,168,2,2,72,168,,,81.980929085051,77.19835371617438,87.65035248750775,349.9147799075381,349.9147799075381,96,0.00064000032,0.0066355233177600005,0.0,,0.0
4.117,188,221,168,3,2,87,181,,,83.21855778735886,76.83883047582896,87.65035248750775,312.3756795479892,349.9147799075381,94,0.00062666698,0.00649728324864,-409.1761939190831,,-37.53910035954891
4.218,216,219,168,2,2,87,178,,,77.74355389075214,77.19835371617438,87.65035248750775,349.9147799075381,349.9147799075381,91,0.00060666697,0.00628992314496,0.0,,0.0
4.318,217,219,167,2,2,93,187,,,77.56102076551883,77.19835371617438,87.88578259462008,349.9147799075381,349.9147799075381,94,0.00062666698,0.00649728324864,0.0,,0.0
4.419,217,219,168,2,2,102,188,,,77.56102076551883,77.19835371617438,87.65035248750775,349.9147799075381,349.9147799075381,86,0.00057333362,0.00594432297216,0.0,,0.0
4.519,216,219,167,2,3,90,183,,,77.74355389075214,77.19835371617438,87.88578259462008,349.9147799075381,312.3756795479892,93,0.00062000031,0.006428163214079999,409.1761939190831,,37.53910035954891
4.619,217,220,168,3,1,76,169,,,77.56102076551883,77.01820319485813,87.65035248750775,312.3756795479892,426.52186008440685,93,0.00062000031,0.006428163214079999,-1244.1933678469525,,-114.14618053641766
4.72,217,220,167,2,1,79,175,,,77.56102076551883,77.01820319485813,87.88578259462008,349.9147799075381,426.52186008440685,96,0.00064000032,0.0066355233177600005,-835.0171739278694,,-76.60708017686875
4.82,218,219,168,1,1,55,150,,,77.37929016024219,77.19835371617438,87.65035248750775,426.52186008440685,426.52186008440685,95,0.0006333336499999999,0.006566403283199999,0.0,,0.0
4.92,216,220,167,4,2,113,201,,,77.74355389075214,77.01820319485813,87.88578259462008,288.3492588429451,349.9147799075381,88,0.00058666696,0.0060825630412799985,-671.0641796040636,,-61.565521064592986
5.02,216,219,167,0,0,22,120,,,77.74355389075214,77.19835371617438,87.88578259462008,,,98,0.0006533336599999999,0.00677376338688,,,
5.121,216,219,168,5,3,94,188,,,77.74355389075214,77.19835371617438,87.65035248750775,271.01235118159354,312.3756795479892,94,0.00062666698,0.00649728324864,-450.8602791937126,,-41.36332836639565
5.223,215,220,169,2,2,89,184,,,77.92689801733297,77.01820319485813,87.41635037081107,349.9147799075381,349.9147799075381,95,0.0006333336499999999,0.006566403283199999,0.0,,0.0
5.324,217,219,168,2,0,77,167,,,77.56102076551883,77.19835371617438,87.65035248750775,349.9147799075381,,90,0.0006000002999999999,0.006220803110399999,,,
5.424,217,220,168,0,1,69,165,,,77.56102076551883,77.01820319485813,87.65035248750775,,426.52186008440685,96,0.00064000032,0.0066355233177600005,,,
5.524,216,219,168,1,1,56,153,,,77.74355389075214,77.19835371617438,87.65035248750775,426.52186008440685,426.52186008440685,97,0.00064666699,0.006704643352319999,0.0,,0.0
5.625,216,220,168,2,1,78,168,,,77.74355389075214,77.01820319485813,87.65035248750775,349.9147799075381,426.52186008440685,90,0.0006000002999999999,0.006220803110399999,-835.0171739278694,,-76.60708017686875
5.725,216,220,168,2,1,83,178,,,77.74355389075214,77.01820319485813,87.65035248750775,349.9147799075381,426.52186008440685,95,0.0006333336499999999,0.006566403283199999,-835.0171739278694,,-76.60708017686875
5.825,217,220,168,2,1,85,182,,,77.56102076551883,77.01820319485813,87.65035248750775,349.9147799075381,426.52186008440685,97,0.00064666699,0.006704643352319999,-835.0171739278694,,-76.60708017686875
5.926,216,220,167,2,1,97,189,,,77.74355389075214,77.01820319485813,87.88578259462008,349.9147799075381,426.52186008440685,92,0.00061333364,0.0063590431795199995,-835.0171739278694,,-76.60708017686875
6.026,217,219,168,2,2,115,209,,,77.56102076551883,77.19835371617438,87.65035248750775,349.9147799075381,349.9147799075381,94,0.00062666698,0.00649728324864,0.0,,0.0
6.126,214,220,167,1,1,90,184,,,78.11106175170545,77.01820319485813,87.88578259462008,426.52186008440685,426.52186008440685,94,0.00062666698,0.00649728324864,0.0,,0.0
6.226,216,220,166,1,3,95,189,,,77.74355389075214,77.01820319485813,88.12265985848558,426.52186008440685,312.3756795479892,94,0.00062666698,0.00649728324864,1244.1933678469525,,114.14618053641766
6.327,215,220,168,1,2,84,171,,,77.92689801733297,77.01820319485813,87.65035248750775,426.52186008440685,349.9147799075381,87,0.0005800002899999999,0.006013443006719999,835.0171739278694,,76.60708017686875
6.427,217,220,168,2,1,117,204,,,77.56102076551883,77.01820319485813,87.65035248750775,349.9147799075381,426.52186008440685,87,0.0005800002899999999,0.006013443006719999,-835.0171739278694,,-76.60708017686875
6.528,215,219,168,0,2,9,109,,,77.92689801733297,77.19835371617438,87.65035248750775,,349.9147799075381,100,0.0006666669999999999,0.006912003455999999,,,
6.628,216,219,168,2,1,10,110,,,77.74355389075214,77.19835371617438,87.65035248750775,349.9147799075381,426.52186008440685,100,0.0006666669999999999,0.006912003455999999,-835.0171739278694,,-76.60708017686875
6.728,216,219,168,2,1,10,110,,,77.74355389075214,77.19835371617438,87.65035248750775,349.9147799075381,426.52186008440685,100,0.0006666669999999999,0.006912003455999999,-835.0171739278694,,-76.60708017686875
6.829,216,219,168,2,1,10,110,,,77.74355389075214,77.19835371617438,87.65035248750775,349.9147799075381,426.52186008440685,100,0.0006666669999999999,0.006912003455999999,-835.0171739278694,,-76.60708017686875
6.929,216,220,167,2,1,9,111,,,77.74355389075214,77.01820319485813,87.88578259462008,349.9147799075381,426.52186008440685,102,0.00068000034,0.00705024352512,-835.0171739278694,,-76.60708017686875
7.029,217,220,167,2,1,10,111,,,77.56102076551883,77.01820319485813,87.88578259462008,349.9147799075381,426.52186008440685,101,0.00067333367,0.006981123490559999,-835.0171739278694,,-76.60708017686875
7.129,216,221,167,2,2,10,111,,,77.74355389075214,76.83883047582896,87.88578259462008,349.9147799075381,349.9147799075381,101,0.00067333367,0.006981123490559999,0.0,,0.0
7.23,216,219,167,2,3,9,109,,,77.74355389075214,77.19835371617438,87.88578259462008,349.9147799075381,312.3756795479892,100,0.0006666669999999999,0.006912003455999999,409.1761939190831,,37.53910035954891
7.33,216,218,168,2,2,10,110,,,77.74355389075214,77.37929016024219,87.65035248750775,349.9147799075381,349.9147799075381,100,0.0006666669999999999,0.006912003455999999,0.0,,0.0
7.431,215,220,167,3,1,12,110,,,77.92689801733297,77.01820319485813,87.88578259462008,312.3756795479892,426.52186008440685,98,0.0006533336599999999,0.00677376338688,-1244.1933678469525,,-114.14618053641766
7.531,215,220,168,1,2,12,111,,,77.92689801733297,77.01820319485813,87.65035248750775,426.52186008440685,349.9147799075381,99,0.00066000033,0.0068428834214399985,835.0171739278694,,76.60708017686875
7.632,218,217,167,2,3,13,111,,,77.37929016024219,77.56102076551883,87.88578259462008,349.9147799075381,312.3756795479892,98,0.0006533336599999999,0.00677376338688,409.1761939190831,,37.53910035954891
7.732,219,219,167,2,2,11,111,,,77.19835371617438,77.19835371617438,87.88578259462008,349.9147799075381,349.9147799075381,100,0.0006666669999999999,0.006912003455999999,0.0,,0.0
7.832,220,219,168,1,2,10,110,,,77.01820319485813,77.19835371617438,87.65035248750775,426.52186008440685,349.9147799075381,100,0.0006666669999999999,0.006912003455999999,835.0171739278694,,76.60708017686875
7.932,220,218,168,1,2,10,110,,,77.01820319485813,77.37929016024219,87.65035248750775,426.52186008440685,349.9147799075381,100,0.0006666669999999999,0.006912003455999999,835.0171739278694,,76.60708017686875
8.033,220,218,168,2,1,12,112,,,77.01820319485813,77.37929016024219,87.65035248750775,349.9147799075381,426.52186008440685,100,0.0006666669999999999,0.006912003455999999,-835.0171739278694,,-76.60708017686875
8.133,218,218,168,3,2,14,115,,,77.37929016024219,77.37929016024219,87.65035248750775,312.3756795479892,349.9147799075381,101,0.00067333367,0.006981123490559999,-409.1761939190831,,-37.53910035954891
8.233,267,268,207,4,4,11,110,,,69.30899432968585,69.15876757926947,79.42390728204447,288.3492588429451,288.3492588429451,99,0.00066000033,0.0068428834214399985,0.0,,0.0
8.334,253,253,194,2,2,10,110,,,71.46641388450666,71.46641388450666,81.980929085051,349.9147799075381,349.9147799075381,100,0.0006666669999999999,0.006912003455999999,0.0,,0.0
8.435,254,254,194,2,2,9,107,,,71.30881046166058,71.30881046166058,81.980929085051,349.9147799075381,349.9147799075381,98,0.0006533336599999999,0.00677376338688,0.0,,0.0
8.536,270,267,208,2,2,11,101,,,68.85978698119129,69.30899432968585,79.23375427416943,349.9147799075381,349.9147799075381,90,0.0006000002999999999,0.006220803110399999,0.0,,0.0
8.636,270,268,207,6,6,20,117,,,68.85978698119129,69.15876757926947,79.42390728204447,257.6093565300547,257.6093565300547,97,0.00064666699,0.006704643352319999,0.0,,0.0
8.737,268,269,207,3,4,29,125,,,69.15876757926947,69.00903323537915,79.42390728204447,312.3756795479892,288.3492588429451,96,0.00064000032,0.0066355233177600005,261.88798568498044,,24.026420705044075
8.838,268,268,207,3,2,27,121,,,69.15876757926947,69.15876757926947,79.42390728204447,312.3756795479892,349.9147799075381,94,0.00062666698,0.00649728324864,-409.1761939190831,,-37.53910035954891
8.939,270,268,206,4,2,121,188,,,68.85978698119129,69.15876757926947,79.61495356059436,288.3492588429451,349.9147799075381,67,0.00044666689,0.00463104231552,-671.0641796040636,,-61.565521064592986
9.039,269,268,206,0,0,12,106,,,69.00903323537915,69.15876757926947,79.61495356059436,,,94,0.00062666698,0.00649728324864,,,
9.14,269,268,207,2,2,10,105,,,69.00903323537915,69.15876757926947,79.42390728204447,349.9147799075381,349.9147799075381,95,0.0006333336499999999,0.006566403283199999,0.0,,0.0
9.241,268,268,206,2,3,9,107,,,69.15876757926947,69.15876757926947,79.61495356059436,349.9147799075381,312.3756795479892,98,0.0006533336599999999,0.00677376338688,409.1761939190831,,37.53910035954891
9.342,252,253,195,3,2,38,133,,,71.62458098502037,71.46641388450666,81.77834916698953,312.3756795479892,349.9147799075381,95,0.0006333336499999999,0.006566403283199999,-409.1761939190831,,-37.53910035954891
9.443,268,269,208,0,2,27,121,,,69.15876757926947,69.00903323537915,79.23375427416943,,349.9147799075381,94,0.00062666698,0.00649728324864,,,
9.544,268,270,206,3,2,28,128,,,69.15876757926947,68.85978698119129,79.61495356059436,312.3756795479892,349.9147799075381,100,0.0006666669999999999,0.006912003455999999,-409.1761939190831,,-37.53910035954891
9.644,268,268,207,3,3,29,122,,,69.15876757926947,69.15876757926947,79.42390728204447,312.3756795479892,312.3756795479892,93,0.00062000031,0.006428163214079999,0.0,,0.0
9.745,269,268,207,2,3,27,124,,,69.00903323537915,69.15876757926947,79.42390728204447,349.9147799075381,312.3756795479892,97,0.00064666699,0.006704643352319999,409.1761939190831,,37.53910035954891
9.846,268,269,206,3,2,28,122,,,69.15876757926947,69.00903323537915,79.61495356059436,312.3756795479892,349.9147799075381,94,0.00062666698,0.00649728324864,-409.1761939190831,,-37.53910035954891
9.947,270,268,208,2,1,25,120,,,68.85978698119129,69.15876757926947,79.23375427416943,349.9147799075381,426.52186008440685,95,0.0006333336499999999,0.006566403283199999,-835.0171739278694,,-76.60708017686875
10.047,269,268,209,2,3,25,104,,,69.00903323537915,69.15876757926947,79.04448483591005,349.9147799075381,312.3756795479892,79,0.0005266669299999999,0.0054604827302399996,409.1761939190831,,37.53910035954891
10.148,270,268,208,3,3,24,120,,,68.85978698119129,69.15876757926947,79.23375427416943,312.3756795479892,312.3756795479892,96,0.00064000032,0.0066355233177600005,0.0,,0.0
10.249,268,268,207,4,4,38,131,,,69.15876757926947,69.15876757926947,79.42390728204447,288.3492588429451,288.3492588429451,93,0.00062000031,0.006428163214079999,0.0,,0.0
10.35,252,251,193,3,2,55,145,,,71.62458098502037,71.78331699106616,82.18454320817375,312.3756795479892,349.9147799075381,90,0.0006000002999999999,0.006220803110399999,-409.1761939190831,,-37.53910035954891
10.451,269,268,207,3,5,39,133,,,69.00903323537915,69.15876757926947,79.42390728204447,312.3756795479892,271.01235118159354,94,0.00062666698,0.00649728324864,450.8602791937126,,41.36332836639565
10.551,268,269,207,4,5,36,133,,,69.15876757926947,69.00903323537915,79.42390728204447,288.3492588429451,271.01235118159354,97,0.00064666699,0.006704643352319999,188.97229350873218,,17.336907661351574
10.652,270,267,207,3,4,39,136,,,68.85978698119129,69.30899432968585,79.42390728204447,312.3756795479892,288.3492588429451,97,0.00064666699,0.006704643352319999,261.88798568498044,,24.026420705044075
10.753,270,267,207,1,3,34,125,,,68.85978698119129,69.30899432968585,79.42390728204447,426.52186008440685,312.3756795479892,91,0.00060666697,0.00628992314496,1244.1933678469525,,114.14618053641766
10.854,269,269,207,5,2,71,163,,,69.00903323537915,69.00903323537915,79.42390728204447,271.01235118159354,349.9147799075381,92,0.00061333364,0.0063590431795199995,-860.0364731127958,,-78.90242872594456
10.954,269,270,206,2,1,49,144,,,69.00903323537915,68.85978698119129,79.61495356059436,349.9147799075381,426.52186008440685,95,0.0006333336499999999,0.006566403283199999,-835.0171739278694,,-76.60708017686875
11.055,269,268,206,1,1,52,137,,,69.00903323537915,69.15876757926947,79.61495356059436,426.52186008440685,426.52186008440685,85,0.00056666695,0.0058752029376,0.0,,0.0
11.156,270,268,207,4,1,83,167,,,68.85978698119129,69.15876757926947,79.42390728204447,288.3492588429451,426.52186008440685,84,0.0005600002799999999,0.0058060829030399976,-1506.081353531933,,-138.17260124146173
11.257,267,267,208,1,2,56,143,,,69.30899432968585,69.30899432968585,79.23375427416943,426.52186008440685,349.9147799075381,87,0.0005800002899999999,0.006013443006719999,835.0171739278694,,76.60708017686875
11.358,252,252,194,1,1,51,145,,,71.62458098502037,71.62458098502037,81.980929085051,426.52186008440685,426.52186008440685,94,0.00062666698,0.00649728324864,0.0,,0.0
11.458,270,268,207,0,1,46,133,,,68.85978698119129,69.15876757926947,79.42390728204447,,426.52186008440685,87,0.0005800002899999999,0.006013443006719999,,,
11.559,268,268,206,2,1,46,134,,,69.15876757926947,69.15876757926947,79.61495356059436,349.9147799075381,426.52186008440685,88,0.00058666696,0.0060825630412799985,-835.0171739278694,,-76.60708017686875
11.66,270,267,207,0,1,47,134,,,68.85978698119129,69.30899432968585,79.42390728204447,,426.52186008440685,87,0.0005800002899999999,0.006013443006719999,,,
11.761,269,268,208,2,1,42,133,,,69.00903323537915,69.15876757926947,79.23375427416943,349.9147799075381,426.52186008440685,91,0.00060666697,0.00628992314496,-835.0171739278694,,-76.60708017686875
11.861,269,268,207,3,2,45,135,,,69.00903323537915,69.15876757926947,79.42390728204447,312.3756795479892,349.9147799075381,90,0.0006000002999999999,0.006220803110399999,-409.1761939190831,,-37.53910035954891
11.962,269,269,208,2,2,49,137,,,69.00903323537915,69.00903323537915,79.23375427416943,349.9147799075381,349.9147799075381,88,0.00058666696,0.0060825630412799985,0.0,,0.0
12.063,268,269,206,1,2,52,135,,,69.15876757926947,69.00903323537915,79.61495356059436,426.52186008440685,349.9147799075381,83,0.00055333361,0.0057369628684800006,835.0171739278694,,76.60708017686875
12.164,270,267,207,2,1,50,140,,,68.85978698119129,69.30899432968585,79.42390728204447,349.9147799075381,426.52186008440685,90,0.0006000002999999999,0.006220803110399999,-835.0171739278694,,-76.60708017686875
12.264,218,219,167,2,3,51,140,,,77.37929016024219,77.19835371617438,87.88578259462008,349.9147799075381,312.3756795479892,89,0.00059333363,0.00615168307584,409.1761939190831,,37.53910035954891
12.365,248,247,191,3,2,47,137,,,72.26299170692539,72.4240569361034,82.59492270035514,312.3756795479892,349.9147799075381,90,0.0006000002999999999,0.006220803110399999,-409.1761939190831,,-37.53910035954891
12.466,271,269,207,2,3,50,141,,,68.71102454942081,69.00903323537915,79.42390728204447,349.9147799075381,312.3756795479892,91,0.00060666697,0.00628992314496,409.1761939190831,,37.53910035954891
12.567,268,268,207,2,2,49,139,,,69.15876757926947,69.15876757926947,79.42390728204447,349.9147799075381,349.9147799075381,90,0.0006000002999999999,0.006220803110399999,0.0,,0.0
12.667,269,268,206,2,2,55,145,,,69.00903323537915,69.15876757926947,79.61495356059436,349.9147799075381,349.9147799075381,90,0.0006000002999999999,0.006220803110399999,0.0,,0.0
12.768,269,268,208,3,2,50,142,,,69.00903323537915,69.15876757926947,79.23375427416943,312.3756795479892,349.9147799075381,92,0.00061333364,0.0063590431795199995,-409.1761939190831,,-37.53910035954891
12.869,268,269,208,3,2,51,146,,,69.15876757926947,69.00903323537915,79.23375427416943,312.3756795479892,349.9147799075381,95,0.0006333336499999999,0.006566403283199999,-409.1761939190831,,-37.53910035954891
12.97,270,269,208,1,2,51,143,,,68.85978698119129,69.00903323537915,79.23375427416943,426.52186008440685,349.9147799075381,92,0.00061333364,0.0063590431795199995,835.0171739278694,,76.60708017686875
13.07,268,269,206,2,2,43,140,,,69.15876757926947,69.00903323537915,79.61495356059436,349.9147799075381,349.9147799075381,97,0.00064666699,0.006704643352319999,0.0,,0.0
13.171,268,269,206,1,1,43,136,,,69.15876757926947,69.00903323537915,79.61495356059436,426.52186008440685,426.52186008440685,93,0.00062000031,0.006428163214079999,0.0,,0.0
13.272,219,219,168,1,1,50,142,,,77.19835371617438,77.19835371617438,87.65035248750775,426.52186008440685,426.52186008440685,92,0.00061333364,0.0063590431795199995,0.0,,0.0
13.373,253,253,195,2,1,42,136,,,71.46641388450666,71.46641388450666,81.77834916698953,349.9147799075381,426.52186008440685,94,0.00062666698,0.00649728324864,-835.0171739278694,,-76.60708017686875
13.473,269,267,208,1,1,49,141,,,69.00903323537915,69.30899432968585,79.23375427416943,426.52186008440685,426.52186008440685,92,0.00061333364,0.0063590431795199995,0.0,,0.0
13.574,270,269,207,1,1,48,143,,,68.85978698119129,69.00903323537915,79.42390728204447,426.52186008440685,426.52186008440685,95,0.0006333336499999999,0.006566403283199999,0.0,,0.0
13.675,266,269,207,2,1,48,143,,,69.45971785377748,69.00903323537915,79.42390728204447,349.9147799075381,426.52186008440685,95,0.0006333336499999999,0.006566403283199999,-835.0171739278694,,-76.60708017686875
13.776,269,267,208,2,1,49,142,,,69.00903323537915,69.30899432968585,79.23375427416943,349.9147799075381,426.52186008440685,93,0.00062000031,0.006428163214079999,-835.0171739278694,,-76.60708017686875
13.876,270,267,207,2,2,49,141,,,68.85978698119129,69.30899432968585,79.42390728204447,349.9147799075381,349.9147799075381,92,0.00061333364,0.0063590431795199995,0.0,,0.0
13.977,269,268,207,2,2,49,139,,,69.00903323537915,69.15876757926947,79.42390728204447,349.9147799075381,349.9147799075381,90,0.0006000002999999999,0.006220803110399999,0.0,,0.0
14.078,269,269,207,2,2,44,138,,,69.00903323537915,69.00903323537915,79.42390728204447,349.9147799075381,349.9147799075381,94,0.00062666698,0.00649728324864,0.0,,0.0
14.178,269,267,207,2,3,47,143,,,69.00903323537915,69.30899432968585,79.42390728204447,349.9147799075381,312.3756795479892,96,0.00064000032,0.0066355233177600005,409.1761939190831,,37.53910035954891
14.279,268,269,206,3,3,49,142,,,69.15876757926947,69.00903323537915,79.61495356059436,312.3756795479892,312.3756795479892,93,0.00062000031,0.006428163214079999,0.0,,0.0
14.38,248,248,191,2,3,49,142,,,72.26299170692539,72.26299170692539,82.59492270035514,349.9147799075381,312.3756795479892,93,0.00062000031,0.006428163214079999,409.1761939190831,,37.53910035954891
14.481,270,269,206,3,2,48,142,,,68.85978698119129,69.00903323537915,79.61495356059436,312.3756795479892,349.9147799075381,94,0.00062666698,0.00649728324864,-409.1761939190831,,-37.53910035954891
14.581,269,267,208,3,2,43,137,,,69.00903323537915,69.30899432968585,79.23375427416943,312.3756795479892,349.9147799075381,94,0.00062666698,0.00649728324864,-409.1761939190831,,-37.53910035954891
14.682,270,268,207,3,3,47,141,,,68.85978698119129,69.15876757926947,79.42390728204447,312.3756795479892,312.3756795479892,94,0.00062666698,0.00649728324864,0.0,,0.0
14.783,270,267,208,2,4,53,144,,,68.85978698119129,69.30899432968585,79.23375427416943,349.9147799075381,288.3492588429451,91,0.00060666697,0.00628992314496,671.0641796040636,,61.565521064592986
14.884,269,268,207,3,3,50,142,,,69.00903323537915,69.15876757926947,79.42390728204447,312.3756795479892,312.3756795479892,92,0.00061333364,0.0063590431795199995,0.0,,0.0
14.984,269,268,207,2,2,50,144,,,69.00903323537915,69.15876757926947,79.42390728204447,349.9147799075381,349.9147799075381,94,0.00062666698,0.00649728324864,0.0,,0.0
15.085,267,269,207,2,3,49,142,,,69.30899432968585,69.00903323537915,79.42390728204447,349.9147799075381,312.3756795479892,93,0.00062000031,0.006428163214079999,409.1761939190831,,37.53910035954891
15.186,270,269,207,1,2,51,137,,,68.85978698119129,69.00903323537915,79.42390728204447,426.52186008440685,349.9147799075381,86,0.00057333362,0.00594432297216,835.0171739278694,,76.60708017686875
15.287,268,269,207,2,2,47,142,,,69.15876757926947,69.00903323537915,79.42390728204447,349.9147799075381,349.9147799075381,95,0.0006333336499999999,0.006566403283199999,0.0,,0.0
15.388,248,248,191,2,2,51,144,,,72.26299170692539,72.26299170692539,82.59492270035514,349.9147799075381,349.9147799075381,93,0.00062000031,0.006428163214079999,0.0,,0.0
15.488,269,268,207,2,1,50,143,,,69.00903323537915,69.15876757926947,79.42390728204447,349.9147799075381,426.52186008440685,93,0.00062000031,0.006428163214079999,-835.0171739278694,,-76.60708017686875
15.589,269,268,207,1,2,51,143,,,69.00903323537915,69.15876757926947,79.42390728204447,426.52186008440685,349.9147799075381,92,0.00061333364,0.0063590431795199995,835.0171739278694,,76.60708017686875
15.69,269,269,207,2,3,50,142,,,69.00903323537915,69.00903323537915,79.42390728204447,349.9147799075381,312.3756795479892,92,0.00061333364,0.0063590431795199995,409.1761939190831,,37.53910035954891
15.791,268,270,206,2,1,50,141,,,69.15876757926947,68.85978698119129,79.61495356059436,349.9147799075381,426.52186008440685,91,0.00060666697,0.00628992314496,-835.0171739278694,,-76.60708017686875
15.892,269,269,207,2,2,49,142,,,69.00903323537915,69.00903323537915,79.42390728204447,349.9147799075381,349.9147799075381,93,0.00062000031,0.006428163214079999,0.0,,0.0
15.992,270,267,207,1,1,46,142,,,68.85978698119129,69.30899432968585,79.42390728204447,426.52186008440685,426.52186008440685,96,0.00064000032,0.0066355233177600005,0.0,,0.0
16.093,269,268,207,1,2,42,138,,,69.00903323537915,69.15876757926947,79.42390728204447,426.52186008440685,349.9147799075381,96,0.00064000032,0.0066355233177600005,835.0171739278694,,76.60708017686875
16.194,269,269,207,2,2,42,142,,,69.00903323537915,69.00903323537915,79.42390728204447,349.9147799075381,349.9147799075381,100,0.0006666669999999999,0.006912003455999999,0.0,,0.0
16.295,269,268,207,1,1,49,145,,,69.00903323537915,69.15876757926947,79.42390728204447,426.52186008440685,426.52186008440685,96,0.00064000032,0.0066355233177600005,0.0,,0.0
16.396,253,252,194,1,2,48,141,,,71.46641388450666,71.62458098502037,81.980929085051,426.52186008440685,349.9147799075381,93,0.00062000031,0.006428163214079999,835.0171739278694,,76.60708017686875
16.496,269,268,207,1,2,54,145,,,69.00903323537915,69.15876757926947,79.42390728204447,426.52186008440685,349.9147799075381,91,0.00060666697,0.00628992314496,835.0171739278694,,76.60708017686875
16.597,270,268,206,1,2,54,140,,,68.85978698119129,69.15876757926947,79.61495356059436,426.52186008440685,349.9147799075381,86,0.00057333362,0.00594432297216,835.0171739278694,,76.60708017686875
16.698,267,269,206,3,3,50,144,,,69.30899432968585,69.00903323537915,79.61495356059436,312.3756795479892,312.3756795479892,94,0.00062666698,0.00649728324864,0.0,,0.0
16.798,268,269,206,2,2,50,143,,,69.15876757926947,69.00903323537915,79.61495356059436,349.9147799075381,349.9147799075381,93,0.00062000031,0.006428163214079999,0.0,,0.0
16.899,268,269,206,3,3,49,145,,,69.15876757926947,69.00903323537915,79.61495356059436,312.3756795479892,312.3756795479892,96,0.00064000032,0.0066355233177600005,0.0,,0.0
17.0,269,268,208,3,4,48,143,,,69.00903323537915,69.15876757926947,79.23375427416943,312.3756795479892,288.3492588429451,95,0.0006333336499999999,0.006566403283199999,261.88798568498044,,24.026420705044075
17.101,268,269,206,3,3,51,144,,,69.15876757926947,69.00903323537915,79.61495356059436,312.3756795479892,312.3756795479892,93,0.00062000031,0.006428163214079999,0.0,,0.0
17.201,268,269,207,2,2,50,143,,,69.15876757926947,69.00903323537915,79.42390728204447,349.9147799075381,349.9147799075381,93,0.00062000031,0.006428163214079999,0.0,,0.0
17.302,269,269,206,3,2,50,140,,,69.00903323537915,69.00903323537915,79.61495356059436,312.3756795479892,349.9147799075381,90,0.0006000002999999999,0.006220803110399999,-409.1761939190831,,-37.53910035954891
17.403,247,249,191,3,3,50,139,,,72.4240569361034,72.10251695872694,82.59492270035514,312.3756795479892,312.3756795479892,89,0.00059333363,0.00615168307584,0.0,,0.0
17.503,269,268,207,2,3,45,138,,,69.00903323537915,69.15876757926947,79.42390728204447,349.9147799075381,312.3756795479892,93,0.00062000031,0.006428163214079999,409.1761939190831,,37.53910035954891
17.604,270,268,207,2,2,56,147,,,68.85978698119129,69.15876757926947,79.42390728204447,349.9147799075381,349.9147799075381,91,0.00060666697,0.00628992314496,0.0,,0.0
17.705,270,268,206,2,3,58,150,,,68.85978698119129,69.15876757926947,79.61495356059436,349.9147799075381,312.3756795479892,92,0.00061333364,0.0063590431795199995,409.1761939190831,,37.53910035954891
17.806,269,269,207,5,5,51,148,,,69.00903323537915,69.00903323537915,79.42390728204447,271.01235118159354,271.01235118159354,97,0.00064666699,0.006704643352319999,0.0,,0.0
17.906,267,269,206,2,1,55,151,,,69.30899432968585,69.00903323537915,79.61495356059436,349.9147799075381,426.52186008440685,96,0.00064000032,0.0066355233177600005,-835.0171739278694,,-76.60708017686875
18.007,268,268,207,1,0,53,149,,,69.15876757926947,69.15876757926947,79.42390728204447,426.52186008440685,,96,0.00064000032,0.0066355233177600005,,,
18.108,269,268,207,3,2,54,146,,,69.00903323537915,69.15876757926947,79.42390728204447,312.3756795479892,349.9147799075381,92,0.00061333364,0.0063590431795199995,-409.1761939190831,,-37.53910035954891
18.208,268,268,206,1,1,44,139,,,69.15876757926947,69.15876757926947,79.61495356059436,426.52186008440685,426.52186008440685,95,0.0006333336499999999,0.006566403283199999,0.0,,0.0
18.309,269,267,237,2,0,56,148,,,69.00903323537915,69.30899432968585,74.06844626953085,349.9147799075381,,92,0.00061333364,0.0063590431795199995,,,
18.41,254,252,244,1,1,57,143,,,71.30881046166058,71.62458098502037,72.91085152159127,426.52186008440685,426.52186008440685,86,0.00057333362,0.00594432297216,0.0,,0.0
18.511,268,269,257,2,1,53,146,,,69.15876757926947,69.00903323537915,70.83933093713097,349.9147799075381,426.52186008440685,93,0.00062000031,0.006428163214079999,-835.0171739278694,,-76.60708017686875
18.612,258,267,260,1,1,54,148,,,70.68393121451464,69.30899432968585,70.37474235244133,426.52186008440685,426.52186008440685,94,0.00062666698,0.00649728324864,0.0,,0.0
18.712,265,267,259,2,1,51,145,,,69.61094256982153,69.30899432968585,70.52906997233748,349.9147799075381,426.52186008440685,94,0.00062666698,0.00649728324864,-835.0171739278694,,-76.60708017686875
18.813,266,265,265,3,2,56,141,,,69.45971785377748,69.61094256982153,69.61094256982153,312.3756795479892,349.9147799075381,85,0.00056666695,0.0058752029376,-409.1761939190831,,-37.53910035954891
18.914,265,267,262,2,2,48,142,,,69.61094256982153,69.30899432968585,70.06766883665347,349.9147799075381,349.9147799075381,94,0.00062666698,0.00649728324864,0.0,,0.0
19.015,266,268,234,2,2,52,148,,,69.45971785377748,69.15876757926947,74.57427181276131,349.9147799075381,349.9147799075381,96,0.00064000032,0.0066355233177600005,0.0,,0.0
19.115,266,266,222,3,2,53,144,,,69.45971785377748,69.45971785377748,76.66022755437217,312.3756795479892,349.9147799075381,91,0.00060666697,0.00628992314496,-409.1761939190831,,-37.53910035954891
19.216,264,268,218,3,2,54,146,,,69.76267294804126,69.15876757926947,77.37929016024219,312.3756795479892,349.9147799075381,92,0.00061333364,0.0063590431795199995,-409.1761939190831,,-37.53910035954891
19.317,264,268,264,3,2,47,145,,,69.76267294804126,69.15876757926947,69.76267294804126,312.3756795479892,349.9147799075381,98,0.0006533336599999999,0.00677376338688,-409.1761939190831,,-37.53910035954891
19.418,251,235,244,1,2,45,139,,,71.78331699106616,74.40499672136616,72.91085152159127,426.52186008440685,349.9147799075381,94,0.00062666698,0.00649728324864,835.0171739278694,,76.60708017686875
19.518,270,266,259,3,3,51,144,,,68.85978698119129,69.45971785377748,70.52906997233748,312.3756795479892,312.3756795479892,93,0.00062000031,0.006428163214079999,0.0,,0.0
19.619,269,222,261,2,2,51,143,,,69.00903323537915,76.66022755437217,70.22094355481465,349.9147799075381,349.9147799075381,92,0.00061333364,0.0063590431795199995,0.0,,0.0
19.72,269,226,260,2,2,50,141,,,69.00903323537915,75.95335767994277,70.37474235244133,349.9147799075381,349.9147799075381,91,0.00060666697,0.00628992314496,0.0,,0.0
19.821,270,270,260,3,1,49,141,,,68.85978698119129,68.85978698119129,70.37474235244133,312.3756795479892,426.52186008440685,92,0.00061333364,0.0063590431795199995,-1244.1933678469525,,-114.14618053641766
19.922,270,266,260,1,1,51,136,,,68.85978698119129,69.45971785377748,70.37474235244133,426.52186008440685,426.52186008440685,85,0.00056666695,0.0058752029376,0.0,,0.0
20.022,270,267,260,2,2,50,141,,,68.85978698119129,69.30899432968585,70.37474235244133,349.9147799075381,349.9147799075381,91,0.00060666697,0.00628992314496,0.0,,0.0
20.123,268,268,259,2,1,48,136,,,69.15876757926947,69.15876757926947,70.52906997233748,349.9147799075381,426.52186008440685,88,0.00058666696,0.0060825630412799985,-835.0171739278694,,-76.60708017686875
20.224,270,246,260,1,2,49,142,,,68.85978698119129,72.58571821182306,70.37474235244133,426.52186008440685,349.9147799075381,93,0.00062000031,0.006428163214079999,835.0171739278694,,76.60708017686875
20.325,268,273,261,1,1,50,143,,,69.15876757926947,68.4149343270671,70.22094355481465,426.52186008440685,426.52186008440685,93,0.00062000031,0.006428163214079999,0.0,,0.0
20.426,253,252,245,1,1,50,142,,,71.46641388450666,71.62458098502037,72.74798117069224,426.52186008440685,426.52186008440685,92,0.00061333364,0.0063590431795199995,0.0,,0.0
20.526,269,268,261,1,2,50,143,,,69.00903323537915,69.15876757926947,70.22094355481465,426.52186008440685,349.9147799075381,93,0.00062000031,0.006428163214079999,835.0171739278694,,76.60708017686875
20.627,268,268,259,1,1,49,140,,,69.15876757926947,69.15876757926947,70.52906997233748,426.52186008440685,426.52186008440685,91,0.00060666697,0.00628992314496,0.0,,0.0
20.728,270,267,260,1,1,51,141,,,68.85978698119129,69.30899432968585,70.37474235244133,426.52186008440685,426.52186008440685,90,0.0006000002999999999,0.006220803110399999,0.0,,0.0
20.828,269,268,260,2,2,48,141,,,69.00903323537915,69.15876757926947,70.37474235244133,349.9147799075381,349.9147799075381,93,0.00062000031,0.006428163214079999,0.0,,0.0
20.929,270,266,261,1,2,51,141,,,68.85978698119129,69.45971785377748,70.22094355481465,426.52186008440685,349.9147799075381,90,0.0006000002999999999,0.006220803110399999,835.0171739278694,,76.60708017686875
21.03,267,268,260,3,2,48,142,,,69.30899432968585,69.15876757926947,70.37474235244133,312.3756795479892,349.9147799075381,94,0.00062666698,0.00649728324864,-409.1761939190831,,-37.53910035954891
21.131,270,266,261,2,1,51,142,,,68.85978698119129,69.45971785377748,70.22094355481465,349.9147799075381,426.52186008440685,91,0.00060666697,0.00628992314496,-835.0171739278694,,-76.60708017686875
21.231,269,264,260,2,1,49,142,,,69.00903323537915,69.76267294804126,70.37474235244133,349.9147799075381,426.52186008440685,93,0.00062000031,0.006428163214079999,-835.0171739278694,,-76.60708017686875
21.332,269,259,261,3,3,45,139,,,69.00903323537915,70.52906997233748,70.22094355481465,312.3756795479892,312.3756795479892,94,0.00062666698,0.00649728324864,0.0,,0.0
21.433,253,249,245,3,3,50,137,,,71.46641388450666,72.10251695872694,72.74798117069224,312.3756795479892,312.3756795479892,87,0.0005800002899999999,0.006013443006719999,0.0,,0.0
21.534,269,251,259,2,2,44,138,,,69.00903323537915,71.78331699106616,70.52906997233748,349.9147799075381,349.9147799075381,94,0.00062666698,0.00649728324864,0.0,,0.0
21.635,270,247,260,2,4,44,140,,,68.85978698119129,72.4240569361034,70.37474235244133,349.9147799075381,288.3492588429451,96,0.00064000032,0.0066355233177600005,671.0641796040636,,61.565521064592986
21.736,268,269,259,3,2,50,142,,,69.15876757926947,69.00903323537915,70.52906997233748,312.3756795479892,349.9147799075381,92,0.00061333364,0.0063590431795199995,-409.1761939190831,,-37.53910035954891
21.836,270,266,261,2,2,50,139,,,68.85978698119129,69.45971785377748,70.22094355481465,349.9147799075381,349.9147799075381,89,0.00059333363,0.00615168307584,0.0,,0.0
21.937,269,266,258,2,3,48,139,,,69.00903323537915,69.45971785377748,70.68393121451464,349.9147799075381,312.3756795479892,91,0.00060666697,0.00628992314496,409.1761939190831,,37.53910035954891
22.038,268,263,258,2,3,49,139,,,69.15876757926947,69.91491351144026,70.68393121451464,349.9147799075381,312.3756795479892,90,0.0006000002999999999,0.006220803110399999,409.1761939190831,,37.53910035954891
22.138,269,267,261,2,3,48,141,,,69.00903323537915,69.30899432968585,70.22094355481465,349.9147799075381,312.3756795479892,93,0.00062000031,0.006428163214079999,409.1761939190831,,37.53910035954891
22.239,268,266,259,2,2,49,140,,,69.15876757926947,69.45971785377748,70.52906997233748,349.9147799075381,349.9147799075381,91,0.00060666697,0.00628992314496,0.0,,0.0
22.34,263,259,255,1,2,43,134,,,69.91491351144026,70.52906997233748,71.1517655528171,426.52186008440685,349.9147799075381,91,0.00060666697,0.00628992314496,835.0171739278694,,76.60708017686875
22.441,258,255,248,1,1,50,141,,,70.68393121451464,71.1517655528171,72.26299170692539,426.52186008440685,426.52186008440685,91,0.00060666697,0.00628992314496,0.0,,0.0
22.542,267,264,260,2,3,47,139,,,69.30899432968585,69.76267294804126,70.37474235244133,349.9147799075381,312.3756795479892,92,0.00061333364,0.0063590431795199995,409.1761939190831,,37.53910035954891
22.643,269,266,259,1,1,50,141,,,69.00903323537915,69.45971785377748,70.52906997233748,426.52186008440685,426.52186008440685,91,0.00060666697,0.00628992314496,0.0,,0.0
22.744,269,265,260,1,1,48,141,,,69.00903323537915,69.61094256982153,70.37474235244133,426.52186008440685,426.52186008440685,93,0.00062000031,0.006428163214079999,0.0,,0.0
22.844,269,258,261,1,1,49,143,,,69.00903323537915,70.68393121451464,70.22094355481465,426.52186008440685,426.52186008440685,94,0.00062666698,0.00649728324864,0.0,,0.0
22.945,268,269,259,1,1,51,141,,,69.15876757926947,69.00903323537915,70.52906997233748,426.52186008440685,426.52186008440685,90,0.0006000002999999999,0.006220803110399999,0.0,,0.0
23.046,269,269,260,2,1,50,142,,,69.00903323537915,69.00903323537915,70.37474235244133,349.9147799075381,426.52186008440685,92,0.00061333364,0.0063590431795199995,-835.0171739278694,,-76.60708017686875
23.147,270,267,260,2,3,48,139,,,68.85978698119129,69.30899432968585,70.37474235244133,349.9147799075381,312.3756795479892,91,0.00060666697,0.00628992314496,409.1761939190831,,37.53910035954891
23.247,269,268,260,2,2,44,136,,,69.00903323537915,69.15876757926947,70.37474235244133,349.9147799075381,349.9147799075381,92,0.00061333364,0.0063590431795199995,0.0,,0.0
23.348,258,256,248,2,2,49,141,,,70.68393121451464,70.99527405744965,72.26299170692539,349.9147799075381,349.9147799075381,92,0.00061333364,0.0063590431795199995,0.0,,0.0
23.453,269,252,259,3,3,50,141,,,69.00903323537915,71.62458098502037,70.52906997233748,312.3756795479892,312.3756795479892,91,0.00060666697,0.00628992314496,0.0,,0.0
23.554,263,260,253,2,3,43,137,,,69.91491351144026,70.37474235244133,71.46641388450666,349.9147799075381,312.3756795479892,94,0.00062666698,0.00649728324864,409.1761939190831,,37.53910035954891
23.655,263,261,255,1,1,48,141,,,69.91491351144026,70.22094355481465,71.1517655528171,426.52186008440685,426.52186008440685,93,0.00062000031,0.006428163214079999,0.0,,0.0
23.756,269,265,260,2,2,43,136,,,69.00903323537915,69.61094256982153,70.37474235244133,349.9147799075381,349.9147799075381,93,0.00062000031,0.006428163214079999,0.0,,0.0
23.856,268,268,260,2,1,49,141,,,69.15876757926947,69.15876757926947,70.37474235244133,349.9147799075381,426.52186008440685,92,0.00061333364,0.0063590431795199995,-835.0171739278694,,-76.60708017686875
23.957,270,267,261,1,2,48,141,,,68.85978698119129,69.30899432968585,70.22094355481465,426.52186008440685,349.9147799075381,93,0.00062000031,0.006428163214079999,835.0171739278694,,76.60708017686875
24.058,270,267,260,2,2,48,141,,,68.85978698119129,69.30899432968585,70.37474235244133,349.9147799075381,349.9147799075381,93,0.00062000031,0.006428163214079999,0.0,,0.0
24.159,270,266,261,2,3,49,139,,,68.85978698119129,69.45971785377748,70.22094355481465,349.9147799075381,312.3756795479892,90,0.0006000002999999999,0.006220803110399999,409.1761939190831,,37.53910035954891
24.259,270,267,259,3,2,49,141,,,68.85978698119129,69.30899432968585,70.52906997233748,312.3756795479892,349.9147799075381,92,0.00061333364,0.0063590431795199995,-409.1761939190831,,-37.53910035954891
24.361,252,251,243,1,2,49,141,,,71.62458098502037,71.78331699106616,73.07433504692659,426.52186008440685,349.9147799075381,92,0.00061333364,0.0063590431795199995,835.0171739278694,,76.60708017686875
24.461,267,268,260,2,1,44,136,,,69.30899432968585,69.15876757926947,70.37474235244133,349.9147799075381,426.52186008440685,92,0.00061333364,0.0063590431795199995,-835.0171739278694,,-76.60708017686875
24.562,269,268,260,1,3,50,136,,,69.00903323537915,69.15876757926947,70.37474235244133,426.52186008440685,312.3756795479892,86,0.00057333362,0.00594432297216,1244.1933678469525,,114.14618053641766
24.663,270,268,260,1,1,43,136,,,68.85978698119129,69.15876757926947,70.37474235244133,426.52186008440685,426.52186008440685,93,0.00062000031,0.006428163214079999,0.0,,0.0
24.764,269,267,260,1,2,46,138,,,69.00903323537915,69.30899432968585,70.37474235244133,426.52186008440685,349.9147799075381,92,0.00061333364,0.0063590431795199995,835.0171739278694,,76.60708017686875
24.864,269,268,260,2,2,43,141,,,69.00903323537915,69.15876757926947,70.37474235244133,349.9147799075381,349.9147799075381,98,0.0006533336599999999,0.00677376338688,0.0,,0.0
24.965,269,268,260,2,2,45,140,,,69.00903323537915,69.15876757926947,70.37474235244133,349.9147799075381,349.9147799075381,95,0.0006333336499999999,0.006566403283199999,0.0,,0.0
25.066,268,268,260,3,3,49,142,,,69.15876757926947,69.15876757926947,70.37474235244133,312.3756795479892,312.3756795479892,93,0.00062000031,0.006428163214079999,0.0,,0.0
25.167,270,267,261,2,4,48,138,,,68.85978698119129,69.30899432968585,70.22094355481465,349.9147799075381,288.3492588429451,90,0.0006000002999999999,0.006220803110399999,671.0641796040636,,61.565521064592986
25.268,270,268,260,3,4,43,136,,,68.85978698119129,69.15876757926947,70.37474235244133,312.3756795479892,288.3492588429451,93,0.00062000031,0.006428163214079999,261.88798568498044,,24.026420705044075
25.37,253,252,244,3,3,49,140,,,71.46641388450666,71.62458098502037,72.91085152159127,312.3756795479892,312.3756795479892,91,0.00060666697,0.00628992314496,0.0,,0.0
25.471,270,267,261,2,4,48,140,,,68.85978698119129,69.30899432968585,70.22094355481465,349.9147799075381,288.3492588429451,92,0.00061333364,0.0063590431795199995,671.0641796040636,,61.565521064592986
25.571,269,268,260,2,2,48,141,,,69.00903323537915,69.15876757926947,70.37474235244133,349.9147799075381,349.9147799075381,93,0.00062000031,0.006428163214079999,0.0,,0.0
25.672,269,266,260,3,3,49,139,,,69.00903323537915,69.45971785377748,70.37474235244133,312.3756795479892,312.3756795479892,90,0.0006000002999999999,0.006220803110399999,0.0,,0.0
25.773,269,269,258,2,2,51,138,,,69.00903323537915,69.00903323537915,70.68393121451464,349.9147799075381,349.9147799075381,87,0.0005800002899999999,0.006013443006719999,0.0,,0.0
25.874,270,268,260,3,4,50,140,,,68.85978698119129,69.15876757926947,70.37474235244133,312.3756795479892,288.3492588429451,90,0.0006000002999999999,0.006220803110399999,261.88798568498044,,24.026420705044075
25.974,269,267,259,2,3,51,141,,,69.00903323537915,69.30899432968585,70.52906997233748,349.9147799075381,312.3756795479892,90,0.0006000002999999999,0.006220803110399999,409.1761939190831,,37.53910035954891
26.075,269,267,260,2,1,50,140,,,69.00903323537915,69.30899432968585,70.37474235244133,349.9147799075381,426.52186008440685,90,0.0006000002999999999,0.006220803110399999,-835.0171739278694,,-76.60708017686875
26.176,268,268,260,2,2,49,142,,,69.15876757926947,69.15876757926947,70.37474235244133,349.9147799075381,349.9147799075381,93,0.00062000031,0.006428163214079999,0.0,,0.0
26.277,268,267,260,3,2,51,140,,,69.15876757926947,69.30899432968585,70.37474235244133,312.3756795479892,349.9147799075381,89,0.00059333363,0.00615168307584,-409.1761939190831,,-37.53910035954891
26.377,249,247,240,2,1,51,140,,,72.10251695872694,72.4240569361034,73.56852362357301,349.9147799075381,426.52186008440685,89,0.00059333363,0.00615168307584,-835.0171739278694,,-76.60708017686875
26.478,270,266,261,2,2,49,140,,,68.85978698119129,69.45971785377748,70.22094355481465,349.9147799075381,349.9147799075381,91,0.00060666697,0.00628992314496,0.0,,0.0
26.579,269,268,261,2,1,49,141,,,69.00903323537915,69.15876757926947,70.22094355481465,349.9147799075381,426.52186008440685,92,0.00061333364,0.0063590431795199995,-835.0171739278694,,-76.60708017686875
26.68,271,267,260,2,2,49,140,,,68.71102454942081,69.30899432968585,70.37474235244133,349.9147799075381,349.9147799075381,91,0.00060666697,0.00628992314496,0.0,,0.0
26.78,267,267,258,2,1,50,141,,,69.30899432968585,69.30899432968585,70.68393121451464,349.9147799075381,426.52186008440685,91,0.00060666697,0.00628992314496,-835.0171739278694,,-76.60708017686875
26.881,270,266,260,2,3,48,140,,,68.85978698119129,69.45971785377748,70.37474235244133,349.9147799075381,312.3756795479892,92,0.00061333364,0.0063590431795199995,409.1761939190831,,37.53910035954891
26.982,270,267,260,1,2,50,140,,,68.85978698119129,69.30899432968585,70.37474235244133,426.52186008440685,349.9147799075381,90,0.0006000002999999999,0.006220803110399999,835.0171739278694,,76.60708017686875
27.082,270,268,259,2,2,49,140,,,68.85978698119129,69.15876757926947,70.52906997233748,349.9147799075381,349.9147799075381,91,0.00060666697,0.00628992314496,0.0,,0.0
27.183,268,268,259,2,1,50,141,,,69.15876757926947,69.15876757926947,70.52906997233748,349.9147799075381,426.52186008440685,91,0.00060666697,0.00628992314496,-835.0171739278694,,-76.60708017686875
27.284,218,219,211,3,2,47,139,,,77.37929016024219,77.19835371617438,78.66855859407826,312.3756795479892,349.9147799075381,92,0.00061333364,0.0063590431795199995,-409.1761939190831,,-37.53910035954891
27.385,258,256,248,2,2,50,140,,,70.68393121451464,70.99527405744965,72.26299170692539,349.9147799075381,349.9147799075381,90,0.0006000002999999999,0.006220803110399999,0.0,,0.0
27.485,270,266,261,1,2,49,139,,,68.85978698119129,69.45971785377748,70.22094355481465,426.52186008440685,349.9147799075381,90,0.0006000002999999999,0.006220803110399999,835.0171739278694,,76.60708017686875
27.586,269,267,261,2,3,43,136,,,69.00903323537915,69.30899432968585,70.22094355481465,349.9147799075381,312.3756795479892,93,0.00062000031,0.006428163214079999,409.1761939190831,,37.53910035954891
27.687,262,262,254,3,3,48,140,,,70.06766883665347,70.06766883665347,71.30881046166058,312.3756795479892,312.3756795479892,92,0.00061333364,0.0063590431795199995,0.0,,0.0
27.788,268,268,259,2,2,52,140,,,69.15876757926947,69.15876757926947,70.52906997233748,349.9147799075381,349.9147799075381,88,0.00058666696,0.0060825630412799985,0.0,,0.0
27.889,269,266,259,2,1,49,140,,,69.00903323537915,69.45971785377748,70.52906997233748,349.9147799075381,426.52186008440685,91,0.00060666697,0.00628992314496,-835.0171739278694,,-76.60708017686875
27.99,270,267,259,2,2,51,142,,,68.85978698119129,69.30899432968585,70.52906997233748,349.9147799075381,349.9147799075381,91,0.00060666697,0.00628992314496,0.0,,0.0
28.091,269,268,260,2,2,52,141,,,69.00903323537915,69.15876757926947,70.37474235244133,349.9147799075381,349.9147799075381,89,0.00059333363,0.00615168307584,0.0,,0.0
28.191,268,268,260,2,2,45,137,,,69.15876757926947,69.15876757926947,70.37474235244133,349.9147799075381,349.9147799075381,92,0.00061333364,0.0063590431795199995,0.0,,0.0
28.292,217,217,212,1,3,50,141,,,77.56102076551883,77.56102076551883,78.48188310973973,426.52186008440685,312.3756795479892,91,0.00060666697,0.00628992314496,1244.1933678469525,,114.14618053641766
28.393,252,252,244,2,2,51,137,,,71.62458098502037,71.62458098502037,72.91085152159127,349.9147799075381,349.9147799075381,86,0.00057333362,0.00594432297216,0.0,,0.0
28.493,271,267,260,2,1,51,140,,,68.71102454942081,69.30899432968585,70.37474235244133,349.9147799075381,426.52186008440685,89,0.00059333363,0.00615168307584,-835.0171739278694,,-76.60708017686875
28.594,269,267,261,2,2,43,138,,,69.00903323537915,69.30899432968585,70.22094355481465,349.9147799075381,349.9147799075381,95,0.0006333336499999999,0.006566403283199999,0.0,,0.0
28.695,268,268,260,1,2,42,140,,,69.15876757926947,69.15876757926947,70.37474235244133,426.52186008440685,349.9147799075381,98,0.0006533336599999999,0.00677376338688,835.0171739278694,,76.60708017686875
28.796,269,267,259,2,2,49,140,,,69.00903323537915,69.30899432968585,70.52906997233748,349.9147799075381,349.9147799075381,91,0.00060666697,0.00628992314496,0.0,,0.0
28.897,269,265,261,1,2,48,138,,,69.00903323537915,69.61094256982153,70.22094355481465,426.52186008440685,349.9147799075381,90,0.0006000002999999999,0.006220803110399999,835.0171739278694,,76.60708017686875
28.997,269,268,260,2,2,48,139,,,69.00903323537915,69.15876757926947,70.37474235244133,349.9147799075381,349.9147799075381,91,0.00060666697,0.00628992314496,0.0,,0.0
29.098,269,268,258,1,2,50,139,,,69.00903323537915,69.15876757926947,70.68393121451464,426.52186008440685,349.9147799075381,89,0.00059333363,0.00615168307584,835.0171739278694,,76.60708017686875
29.199,269,266,261,1,2,50,140,,,69.00903323537915,69.45971785377748,70.22094355481465,426.52186008440685,349.9147799075381,90,0.0006000002999999999,0.006220803110399999,835.0171739278694,,76.60708017686875
29.3,269,265,261,2,2,49,139,,,69.00903323537915,69.61094256982153,70.22094355481465,349.9147799075381,349.9147799075381,90,0.0006000002999999999,0.006220803110399999,0.0,,0.0
29.4,249,247,240,2,3,48,139,,,72.10251695872694,72.4240569361034,73.56852362357301,349.9147799075381,312.3756795479892,91,0.00060666697,0.00628992314496,409.1761939190831,,37.53910035954891
29.501,270,267,259,2,2,48,141,,,68.85978698119129,69.30899432968585,70.52906997233748,349.9147799075381,349.9147799075381,93,0.00062000031,0.006428163214079999,0.0,,0.0
29.602,270,267,261,2,2,48,139,,,68.85978698119129,69.30899432968585,70.22094355481465,349.9147799075381,349.9147799075381,91,0.00060666697,0.00628992314496,0.0,,0.0
29.703,269,268,257,2,3,50,140,,,69.00903323537915,69.15876757926947,70.83933093713097,349.9147799075381,312.3756795479892,90,0.0006000002999999999,0.006220803110399999,409.1761939190831,,37.53910035954891
29.803,269,266,260,3,3,49,140,,,69.00903323537915,69.45971785377748,70.37474235244133,312.3756795479892,312.3756795479892,91,0.00060666697,0.00628992314496,0.0,,0.0
29.904,268,267,260,3,2,48,141,,,69.15876757926947,69.30899432968585,70.37474235244133,312.3756795479892,349.9147799075381,93,0.00062000031,0.006428163214079999,-409.1761939190831,,-37.53910035954891
30.005,269,268,261,3,2,49,141,,,69.00903323537915,69.15876757926947,70.22094355481465,312.3756795479892,349.9147799075381,92,0.00061333364,0.0063590431795199995,-409.1761939190831,,-37.53910035954891
30.106,269,268,259,3,2,49,140,,,69.00903323537915,69.15876757926947,70.52906997233748,312.3756795479892,349.9147799075381,91,0.00060666697,0.00628992314496,-409.1761939190831,,-37.53910035954891
30.206,269,268,258,3,2,50,141,,,69.00903323537915,69.15876757926947,70.68393121451464,312.3756795479892,349.9147799075381,91,0.00060666697,0.00628992314496,-409.1761939190831,,-37.53910035954891
30.307,269,266,261,3,3,48,138,,,69.00903323537915,69.45971785377748,70.22094355481465,312.3756795479892,312.3756795479892,90,0.0006000002999999999,0.006220803110399999,0.0,,0.0
30.408,247,245,240,1,2,50,138,,,72.4240569361034,72.74798117069224,73.56852362357301,426.52186008440685,349.9147799075381,88,0.00058666696,0.0060825630412799985,835.0171739278694,,76.60708017686875
30.508,270,267,260,2,1,48,138,,,68.85978698119129,69.30899432968585,70.37474235244133,349.9147799075381,426.52186008440685,90,0.0006000002999999999,0.006220803110399999,-835.0171739278694,,-76.60708017686875
30.609,268,267,260,3,2,45,136,,,69.15876757926947,69.30899432968585,70.37474235244133,312.3756795479892,349.9147799075381,91,0.00060666697,0.00628992314496,-409.1761939190831,,-37.53910035954891
30.71,269,267,260,2,1,46,138,,,69.00903323537915,69.30899432968585,70.37474235244133,349.9147799075381,426.52186008440685,92,0.00061333364,0.0063590431795199995,-835.0171739278694,,-76.60708017686875
30.811,269,266,260,2,2,46,136,,,69.00903323537915,69.45971785377748,70.37474235244133,349.9147799075381,349.9147799075381,90,0.0006000002999999999,0.006220803110399999,0.0,,0.0
30.911,270,266,260,2,2,49,137,,,68.85978698119129,69.45971785377748,70.37474235244133,349.9147799075381,349.9147799075381,88,0.00058666696,0.0060825630412799985,0.0,,0.0
31.012,269,267,259,2,1,46,136,,,69.00903323537915,69.30899432968585,70.52906997233748,349.9147799075381,426.52186008440685,90,0.0006000002999999999,0.006220803110399999,-835.0171739278694,,-76.60708017686875
31.113,268,268,259,2,2,50,137,,,69.15876757926947,69.15876757926947,70.52906997233748,349.9147799075381,349.9147799075381,87,0.0005800002899999999,0.006013443006719999,0.0,,0.0
31.214,268,267,259,2,2,49,137,,,69.15876757926947,69.30899432968585,70.52906997233748,349.9147799075381,349.9147799075381,88,0.00058666696,0.0060825630412799985,0.0,,0.0
31.314,270,267,260,0,0,48,141,,,68.85978698119129,69.30899432968585,70.37474235244133,,,93,0.00062000031,0.006428163214079999,,,
31.415,248,247,240,1,2,44,136,,,72.26299170692539,72.4240569361034,73.56852362357301,426.52186008440685,349.9147799075381,92,0.00061333364,0.0063590431795199995,835.0171739278694,,76.60708017686875
31.516,269,267,261,3,2,49,139,,,69.00903323537915,69.30899432968585,70.22094355481465,312.3756795479892,349.9147799075381,90,0.0006000002999999999,0.006220803110399999,-409.1761939190831,,-37.53910035954891
31.617,269,267,260,2,2,43,138,,,69.00903323537915,69.30899432968585,70.37474235244133,349.9147799075381,349.9147799075381,95,0.0006333336499999999,0.006566403283199999,0.0,,0.0
31.718,268,267,259,3,2,49,140,,,69.15876757926947,69.30899432968585,70.52906997233748,312.3756795479892,349.9147799075381,91,0.00060666697,0.00628992314496,-409.1761939190831,,-37.53910035954891
31.818,268,268,261,2,3,49,140,,,69.15876757926947,69.15876757926947,70.22094355481465,349.9147799075381,312.3756795479892,91,0.00060666697,0.00628992314496,409.1761939190831,,37.53910035954891
31.919,268,267,260,3,3,49,142,,,69.15876757926947,69.30899432968585,70.37474235244133,312.3756795479892,312.3756795479892,93,0.00062000031,0.006428163214079999,0.0,,0.0
32.02,269,268,260,2,3,50,140,,,69.00903323537915,69.15876757926947,70.37474235244133,349.9147799075381,312.3756795479892,90,0.0006000002999999999,0.006220803110399999,409.1761939190831,,37.53910035954891
32.121,270,268,261,3,2,49,140,,,68.85978698119129,69.15876757926947,70.22094355481465,312.3756795479892,349.9147799075381,91,0.00060666697,0.00628992314496,-409.1761939190831,,-37.53910035954891
32.221,268,267,260,3,3,48,140,,,69.15876757926947,69.30899432968585,70.37474235244133,312.3756795479892,312.3756795479892,92,0.00061333364,0.0063590431795199995,0.0,,0.0
32.322,269,267,261,2,3,43,136,,,69.00903323537915,69.30899432968585,70.22094355481465,349.9147799075381,312.3756795479892,93,0.00062000031,0.006428163214079999,409.1761939190831,,37.53910035954891
32.423,253,252,245,3,3,51,141,,,71.46641388450666,71.62458098502037,72.74798117069224,312.3756795479892,312.3756795479892,90,0.0006000002999999999,0.006220803110399999,0.0,,0.0
32.524,269,268,259,3,2,44,136,,,69.00903323537915,69.15876757926947,70.52906997233748,312.3756795479892,349.9147799075381,92,0.00061333364,0.0063590431795199995,-409.1761939190831,,-37.53910035954891
32.625,268,269,259,2,2,46,139,,,69.15876757926947,69.00903323537915,70.52906997233748,349.9147799075381,349.9147799075381,93,0.00062000031,0.006428163214079999,0.0,,0.0
32.725,270,268,259,2,1,51,142,,,68.85978698119129,69.15876757926947,70.52906997233748,349.9147799075381,426.52186008440685,91,0.00060666697,0.00628992314496,-835.0171739278694,,-76.60708017686875
32.826,270,266,260,2,2,48,139,,,68.85978698119129,69.45971785377748,70.37474235244133,349.9147799075381,349.9147799075381,91,0.00060666697,0.00628992314496,0.0,,0.0
32.927,269,268,260,2,2,50,140,,,69.00903323537915,69.15876757926947,70.37474235244133,349.9147799075381,349.9147799075381,90,0.0006000002999999999,0.006220803110399999,0.0,,0.0
33.028,269,267,260,2,1,45,139,,,69.00903323537915,69.30899432968585,70.37474235244133,349.9147799075381,426.52186008440685,94,0.00062666698,0.00649728324864,-835.0171739278694,,-76.60708017686875
33.128,268,268,260,2,2,50,141,,,69.15876757926947,69.15876757926947,70.37474235244133,349.9147799075381,349.9147799075381,91,0.00060666697,0.00628992314496,0.0,,0.0
33.229,270,266,260,1,0,49,139,,,68.85978698119129,69.45971785377748,70.37474235244133,426.52186008440685,,90,0.0006000002999999999,0.006220803110399999,,,
33.33,268,266,261,1,1,50,142,,,69.15876757926947,69.45971785377748,70.22094355481465,426.52186008440685,426.52186008440685,92,0.00061333364,0.0063590431795199995,0.0,,0.0
33.431,253,252,245,1,2,49,140,,,71.46641388450666,71.62458098502037,72.74798117069224,426.52186008440685,349.9147799075381,91,0.00060666697,0.00628992314496,835.0171739278694,,76.60708017686875
33.532,268,268,259,2,1,52,143,,,69.15876757926947,69.15876757926947,70.52906997233748,349.9147799075381,426.52186008440685,91,0.00060666697,0.00628992314496,-835.0171739278694,,-76.60708017686875
33.632,218,218,212,1,2,50,140,,,77.37929016024219,77.37929016024219,78.48188310973973,426.52186008440685,349.9147799075381,90,0.0006000002999999999,0.006220803110399999,835.0171739278694,,76.60708017686875
33.733,269,268,260,2,2,51,140,,,69.00903323537915,69.15876757926947,70.37474235244133,349.9147799075381,349.9147799075381,89,0.00059333363,0.00615168307584,0.0,,0.0
33.834,268,268,260,2,2,49,142,,,69.15876757926947,69.15876757926947,70.37474235244133,349.9147799075381,349.9147799075381,93,0.00062000031,0.006428163214079999,0.0,,0.0
33.935,270,268,259,2,2,50,135,,,68.85978698119129,69.15876757926947,70.52906997233748,349.9147799075381,349.9147799075381,85,0.00056666695,0.0058752029376,0.0,,0.0
34.035,270,268,260,2,2,49,138,,,68.85978698119129,69.15876757926947,70.37474235244133,349.9147799075381,349.9147799075381,89,0.00059333363,0.00615168307584,0.0,,0.0
34.136,268,268,259,2,1,43,138,,,69.15876757926947,69.15876757926947,70.52906997233748,349.9147799075381,426.52186008440685,95,0.0006333336499999999,0.006566403283199999,-835.0171739278694,,-76.60708017686875
34.237,269,269,261,3,3,43,139,,,69.00903323537915,69.00903323537915,70.22094355481465,312.3756795479892,312.3756795479892,96,0.00064000032,0.0066355233177600005,0.0,,0.0
34.338,269,269,261,3,3,49,141,,,69.00903323537915,69.00903323537915,70.22094355481465,312.3756795479892,312.3756795479892,92,0.00061333364,0.0063590431795199995,0.0,,0.0
34.439,252,252,245,2,2,49,140,,,71.62458098502037,71.62458098502037,72.74798117069224,349.9147799075381,349.9147799075381,91,0.00060666697,0.00628992314496,0.0,,0.0
34.539,270,267,260,2,3,49,139,,,68.85978698119129,69.30899432968585,70.37474235244133,349.9147799075381,312.3756795479892,90,0.0006000002999999999,0.006220803110399999,409.1761939190831,,37.53910035954891
34.64,268,268,261,2,3,49,139,,,69.15876757926947,69.15876757926947,70.22094355481465,349.9147799075381,312.3756795479892,90,0.0006000002999999999,0.006220803110399999,409.1761939190831,,37.53910035954891
34.741,268,268,261,3,2,48,140,,,69.15876757926947,69.15876757926947,70.22094355481465,312.3756795479892,349.9147799075381,92,0.00061333364,0.0063590431795199995,-409.1761939190831,,-37.53910035954891
34.842,269,268,261,1,1,48,140,,,69.00903323537915,69.15876757926947,70.22094355481465,426.52186008440685,426.52186008440685,92,0.00061333364,0.0063590431795199995,0.0,,0.0
34.942,270,268,261,2,3,48,142,,,68.85978698119129,69.15876757926947,70.22094355481465,349.9147799075381,312.3756795479892,94,0.00062666698,0.00649728324864,409.1761939190831,,37.53910035954891
35.043,268,268,260,2,1,48,139,,,69.15876757926947,69.15876757926947,70.37474235244133,349.9147799075381,426.52186008440685,91,0.00060666697,0.00628992314496,-835.0171739278694,,-76.60708017686875
35.144,270,267,261,1,2,47,141,,,68.85978698119129,69.30899432968585,70.22094355481465,426.52186008440685,349.9147799075381,94,0.00062666698,0.00649728324864,835.0171739278694,,76.60708017686875
35.245,269,266,260,1,1,49,139,,,69.00903323537915,69.45971785377748,70.37474235244133,426.52186008440685,426.52186008440685,90,0.0006000002999999999,0.006220803110399999,0.0,,0.0
35.346,268,268,259,0,1,44,136,,,69.15876757926947,69.15876757926947,70.52906997233748,,426.52186008440685,92,0.00061333364,0.0063590431795199995,,,
35.447,253,251,246,1,0,46,138,,,71.46641388450666,71.78331699106616,72.58571821182306,426.52186008440685,,92,0.00061333364,0.0063590431795199995,,,
35.547,270,268,260,2,2,42,138,,,68.85978698119129,69.15876757926947,70.37474235244133,349.9147799075381,349.9147799075381,96,0.00064000032,0.0066355233177600005,0.0,,0.0
35.648,269,267,261,2,2,47,140,,,69.00903323537915,69.30899432968585,70.22094355481465,349.9147799075381,349.9147799075381,93,0.00062000031,0.006428163214079999,0.0,,0.0
35.749,271,267,261,1,2,47,140,,,68.71102454942081,69.30899432968585,70.22094355481465,426.52186008440685,349.9147799075381,93,0.00062000031,0.006428163214079999,835.0171739278694,,76.60708017686875
35.85,268,267,258,4,3,49,141,,,69.15876757926947,69.30899432968585,70.68393121451464,288.3492588429451,312.3756795479892,92,0.00061333364,0.0063590431795199995,-261.88798568498044,,-24.026420705044075
35.95,270,267,260,2,3,49,139,,,68.85978698119129,69.30899432968585,70.37474235244133,349.9147799075381,312.3756795479892,90,0.0006000002999999999,0.006220803110399999,409.1761939190831,,37.53910035954891
36.051,270,267,259,2,1,49,140,,,68.85978698119129,69.30899432968585,70.52906997233748,349.9147799075381,426.52186008440685,91,0.00060666697,0.00628992314496,-835.0171739278694,,-76.60708017686875
36.152,267,268,259,3,2,47,139,,,69.30899432968585,69.15876757926947,70.52906997233748,312.3756795479892,349.9147799075381,92,0.00061333364,0.0063590431795199995,-409.1761939190831,,-37.53910035954891
36.253,270,267,261,1,3,49,138,,,68.85978698119129,69.30899432968585,70.22094355481465,426.52186008440685,312.3756795479892,89,0.00059333363,0.00615168307584,1244.1933678469525,,114.14618053641766
36.354,267,269,259,2,2,44,139,,,69.30899432968585,69.00903323537915,70.52906997233748,349.9147799075381,349.9147799075381,95,0.0006333336499999999,0.006566403283199999,0.0,,0.0
36.455,258,257,250,2,2,49,142,,,70.68393121451464,70.83933093713097,71.94262719579035,349.9147799075381,349.9147799075381,93,0.00062000031,0.006428163214079999,0.0,,0.0
36.555,269,266,260,2,2,49,140,,,69.00903323537915,69.45971785377748,70.37474235244133,349.9147799075381,349.9147799075381,91,0.00060666697,0.00628992314496,0.0,,0.0
36.656,269,267,260,2,2,52,141,,,69.00903323537915,69.30899432968585,70.37474235244133,349.9147799075381,349.9147799075381,89,0.00059333363,0.00615168307584,0.0,,0.0
36.757,269,268,259,2,3,49,140,,,69.00903323537915,69.15876757926947,70.52906997233748,349.9147799075381,312.3756795479892,91,0.00060666697,0.00628992314496,409.1761939190831,,37.53910035954891
36.857,269,268,260,2,3,51,142,,,69.00903323537915,69.15876757926947,70.37474235244133,349.9147799075381,312.3756795479892,91,0.00060666697,0.00628992314496,409.1761939190831,,37.53910035954891
36.958,269,267,261,2,2,49,141,,,69.00903323537915,69.30899432968585,70.22094355481465,349.9147799075381,349.9147799075381,92,0.00061333364,0.0063590431795199995,0.0,,0.0
37.059,270,266,261,2,3,52,142,,,68.85978698119129,69.45971785377748,70.22094355481465,349.9147799075381,312.3756795479892,90,0.0006000002999999999,0.006220803110399999,409.1761939190831,,37.53910035954891
37.16,268,268,260,2,2,49,141,,,69.15876757926947,69.15876757926947,70.37474235244133,349.9147799075381,349.9147799075381,92,0.00061333364,0.0063590431795199995,0.0,,0.0
37.26,270,268,260,2,2,51,143,,,68.85978698119129,69.15876757926947,70.37474235244133,349.9147799075381,349.9147799075381,92,0.00061333364,0.0063590431795199995,0.0,,0.0
37.362,264,260,255,1,1,49,139,,,69.76267294804126,70.37474235244133,71.1517655528171,426.52186008440685,426.52186008440685,90,0.0006000002999999999,0.006220803110399999,0.0,,0.0
37.462,264,261,255,2,1,43,140,,,69.76267294804126,70.22094355481465,71.1517655528171,349.9147799075381,426.52186008440685,97,0.00064666699,0.006704643352319999,-835.0171739278694,,-76.60708017686875
37.563,269,266,259,2,2,45,138,,,69.00903323537915,69.45971785377748,70.52906997233748,349.9147799075381,349.9147799075381,93,0.00062000031,0.006428163214079999,0.0,,0.0
37.664,269,268,260,1,1,48,141,,,69.00903323537915,69.15876757926947,70.37474235244133,426.52186008440685,426.52186008440685,93,0.00062000031,0.006428163214079999,0.0,,0.0
37.765,269,267,260,2,2,49,141,,,69.00903323537915,69.30899432968585,70.37474235244133,349.9147799075381,349.9147799075381,92,0.00061333364,0.0063590431795199995,0.0,,0.0
37.865,268,268,260,3,2,51,141,,,69.15876757926947,69.15876757926947,70.37474235244133,312.3756795479892,349.9147799075381,90,0.0006000002999999999,0.006220803110399999,-409.1761939190831,,-37.53910035954891
37.966,269,267,260,1,2,49,141,,,69.00903323537915,69.30899432968585,70.37474235244133,426.52186008440685,349.9147799075381,92,0.00061333364,0.0063590431795199995,835.0171739278694,,76.60708017686875
38.067,268,268,261,2,2,48,140,,,69.15876757926947,69.15876757926947,70.22094355481465,349.9147799075381,349.9147799075381,92,0.00061333364,0.0063590431795199995,0.0,,0.0
38.168,269,268,259,2,1,51,141,,,69.00903323537915,69.15876757926947,70.52906997233748,349.9147799075381,426.52186008440685,90,0.0006000002999999999,0.006220803110399999,-835.0171739278694,,-76.60708017686875
38.268,269,268,259,3,4,48,142,,,69.00903323537915,69.15876757926947,70.52906997233748,312.3756795479892,288.3492588429451,94,0.00062666698,0.00649728324864,261.88798568498044,,24.026420705044075
38.369,257,257,250,2,2,48,140,,,70.83933093713097,70.83933093713097,71.94262719579035,349.9147799075381,349.9147799075381,92,0.00061333364,0.0063590431795199995,0.0,,0.0
38.47,263,262,255,2,2,51,137,,,69.91491351144026,70.06766883665347,71.1517655528171,349.9147799075381,349.9147799075381,86,0.00057333362,0.00594432297216,0.0,,0.0
38.571,268,269,259,3,3,48,140,,,69.15876757926947,69.00903323537915,70.52906997233748,312.3756795479892,312.3756795479892,92,0.00061333364,0.0063590431795199995,0.0,,0.0
38.672,269,267,260,2,3,44,135,,,69.00903323537915,69.30899432968585,70.37474235244133,349.9147799075381,312.3756795479892,91,0.00060666697,0.00628992314496,409.1761939190831,,37.53910035954891
38.773,269,268,260,2,3,49,141,,,69.00903323537915,69.15876757926947,70.37474235244133,349.9147799075381,312.3756795479892,92,0.00061333364,0.0063590431795199995,409.1761939190831,,37.53910035954891
38.873,270,268,261,2,2,44,138,,,68.85978698119129,69.15876757926947,70.22094355481465,349.9147799075381,349.9147799075381,94,0.00062666698,0.00649728324864,0.0,,0.0
38.974,269,267,261,2,2,50,140,,,69.00903323537915,69.30899432968585,70.22094355481465,349.9147799075381,349.9147799075381,90,0.0006000002999999999,0.006220803110399999,0.0,,0.0
39.075,268,269,261,2,2,44,136,,,69.15876757926947,69.00903323537915,70.22094355481465,349.9147799075381,349.9147799075381,92,0.00061333364,0.0063590431795199995,0.0,,0.0
39.176,268,269,260,2,2,49,142,,,69.15876757926947,69.00903323537915,70.37474235244133,349.9147799075381,349.9147799075381,93,0.00062000031,0.006428163214079999,0.0,,0.0
39.277,268,267,261,2,4,48,141,,,69.15876757926947,69.30899432968585,70.22094355481465,349.9147799075381,288.3492588429451,93,0.00062000031,0.006428163214079999,671.0641796040636,,61.565521064592986
39.378,258,256,249,2,2,52,141,,,70.68393121451464,70.99527405744965,72.10251695872694,349.9147799075381,349.9147799075381,89,0.00059333363,0.00615168307584,0.0,,0.0
39.479,268,267,259,1,2,50,141,,,69.15876757926947,69.30899432968585,70.52906997233748,426.52186008440685,349.9147799075381,91,0.00060666697,0.00628992314496,835.0171739278694,,76.60708017686875
39.58,269,267,261,2,1,43,139,,,69.00903323537915,69.30899432968585,70.22094355481465,349.9147799075381,426.52186008440685,96,0.00064000032,0.0066355233177600005,-835.0171739278694,,-76.60708017686875
39.681,268,267,260,1,2,48,139,,,69.15876757926947,69.30899432968585,70.37474235244133,426.52186008440685,349.9147799075381,91,0.00060666697,0.00628992314496,835.0171739278694,,76.60708017686875
39.782,262,263,255,1,1,50,141,,,70.06766883665347,69.91491351144026,71.1517655528171,426.52186008440685,426.52186008440685,91,0.00060666697,0.00628992314496,0.0,,0.0
39.883,269,267,260,1,3,48,139,,,69.00903323537915,69.30899432968585,70.37474235244133,426.52186008440685,312.3756795479892,91,0.00060666697,0.00628992314496,1244.1933678469525,,114.14618053641766
39.983,270,266,260,1,2,49,141,,,68.85978698119129,69.45971785377748,70.37474235244133,426.52186008440685,349.9147799075381,92,0.00061333364,0.0063590431795199995,835.0171739278694,,76.60708017686875
40.084,269,266,260,2,2,50,140,,,69.00903323537915,69.45971785377748,70.37474235244133,349.9147799075381,349.9147799075381,90,0.0006000002999999999,0.006220803110399999,0.0,,0.0
40.185,267,269,259,3,3,49,142,,,69.30899432968585,69.00903323537915,70.52906997233748,312.3756795479892,312.3756795479892,93,0.00062000031,0.006428163214079999,0.0,,0.0
40.286,268,268,260,4,3,49,141,,,69.15876757926947,69.15876757926947,70.37474235244133,288.3492588429451,312.3756795479892,92,0.00061333364,0.0063590431795199995,-261.88798568498044,,-24.026420705044075
40.387,258,256,249,2,2,43,137,,,70.68393121451464,70.99527405744965,72.10251695872694,349.9147799075381,349.9147799075381,94,0.00062666698,0.00649728324864,0.0,,0.0
40.488,268,268,261,2,3,49,141,,,69.15876757926947,69.15876757926947,70.22094355481465,349.9147799075381,312.3756795479892,92,0.00061333364,0.0063590431795199995,409.1761939190831,,37.53910035954891
40.588,268,268,258,2,3,50,140,,,69.15876757926947,69.15876757926947,70.68393121451464,349.9147799075381,312.3756795479892,90,0.0006000002999999999,0.006220803110399999,409.1761939190831,,37.53910035954891
40.689,270,267,261,2,3,49,141,,,68.85978698119129,69.30899432968585,70.22094355481465,349.9147799075381,312.3756795479892,92,0.00061333364,0.0063590431795199995,409.1761939190831,,37.53910035954891
40.79,268,267,259,2,2,51,141,,,69.15876757926947,69.30899432968585,70.52906997233748,349.9147799075381,349.9147799075381,90,0.0006000002999999999,0.006220803110399999,0.0,,0.0
40.891,269,266,260,2,2,50,140,,,69.00903323537915,69.45971785377748,70.37474235244133,349.9147799075381,349.9147799075381,90,0.0006000002999999999,0.006220803110399999,0.0,,0.0
40.992,269,268,260,2,3,48,140,,,69.00903323537915,69.15876757926947,70.37474235244133,349.9147799075381,312.3756795479892,92,0.00061333364,0.0063590431795199995,409.1761939190831,,37.53910035954891
41.092,269,267,261,2,2,48,141,,,69.00903323537915,69.30899432968585,70.22094355481465,349.9147799075381,349.9147799075381,93,0.00062000031,0.006428163214079999,0.0,,0.0
41.193,270,268,258,2,2,49,141,,,68.85978698119129,69.15876757926947,70.68393121451464,349.9147799075381,349.9147799075381,92,0.00061333364,0.0063590431795199995,0.0,,0.0
41.294,270,268,260,2,3,44,137,,,68.85978698119129,69.15876757926947,70.37474235244133,349.9147799075381,312.3756795479892,93,0.00062000031,0.006428163214079999,409.1761939190831,,37.53910035954891
41.395,251,250,244,1,2,50,141,,,71.78331699106616,71.94262719579035,72.91085152159127,426.52186008440685,349.9147799075381,91,0.00060666697,0.00628992314496,835.0171739278694,,76.60708017686875
41.496,268,267,260,3,2,50,143,,,69.15876757926947,69.30899432968585,70.37474235244133,312.3756795479892,349.9147799075381,93,0.00062000031,0.006428163214079999,-409.1761939190831,,-37.53910035954891
41.597,270,266,260,3,1,51,141,,,68.85978698119129,69.45971785377748,70.37474235244133,312.3756795479892,426.52186008440685,90,0.0006000002999999999,0.006220803110399999,-1244.1933678469525,,-114.14618053641766
41.697,269,268,261,1,2,51,143,,,69.00903323537915,69.15876757926947,70.22094355481465,426.52186008440685,349.9147799075381,92,0.00061333364,0.0063590431795199995,835.0171739278694,,76.60708017686875
41.798,268,267,260,2,2,50,140,,,69.15876757926947,69.30899432968585,70.37474235244133,349.9147799075381,349.9147799075381,90,0.0006000002999999999,0.006220803110399999,0.0,,0.0
41.899,269,266,260,1,2,50,140,,,69.00903323537915,69.45971785377748,70.37474235244133,426.52186008440685,349.9147799075381,90,0.0006000002999999999,0.006220803110399999,835.0171739278694,,76.60708017686875
42.0,267,268,260,2,2,50,141,,,69.30899432968585,69.15876757926947,70.37474235244133,349.9147799075381,349.9147799075381,91,0.00060666697,0.00628992314496,0.0,,0.0
42.1,269,267,260,1,2,50,143,,,69.00903323537915,69.30899432968585,70.37474235244133,426.52186008440685,349.9147799075381,93,0.00062000031,0.006428163214079999,835.0171739278694,,76.60708017686875
42.201,268,267,260,2,2,49,141,,,69.15876757926947,69.30899432968585,70.37474235244133,349.9147799075381,349.9147799075381,92,0.00061333364,0.0063590431795199995,0.0,,0.0
42.302,219,218,212,2,2,52,142,,,77.19835371617438,77.37929016024219,78.48188310973973,349.9147799075381,349.9147799075381,90,0.0006000002999999999,0.006220803110399999,0.0,,0.0
42.403,258,256,248,2,2,50,141,,,70.68393121451464,70.99527405744965,72.26299170692539,349.9147799075381,349.9147799075381,91,0.00060666697,0.00628992314496,0.0,,0.0
42.503,268,267,259,3,2,53,142,,,69.15876757926947,69.30899432968585,70.52906997233748,312.3756795479892,349.9147799075381,89,0.00059333363,0.00615168307584,-409.1761939190831,,-37.53910035954891
42.604,269,267,259,2,2,49,142,,,69.00903323537915,69.30899432968585,70.52906997233748,349.9147799075381,349.9147799075381,93,0.00062000031,0.006428163214079999,0.0,,0.0
42.705,269,268,260,1,3,49,142,,,69.00903323537915,69.15876757926947,70.37474235244133,426.52186008440685,312.3756795479892,93,0.00062000031,0.006428163214079999,1244.1933678469525,,114.14618053641766
42.806,246,246,239,3,3,49,141,,,72.58571821182306,72.58571821182306,73.7345191866151,312.3756795479892,312.3756795479892,92,0.00061333364,0.0063590431795199995,0.0,,0.0
42.907,258,256,249,3,4,50,142,,,70.68393121451464,70.99527405744965,72.10251695872694,312.3756795479892,288.3492588429451,92,0.00061333364,0.0063590431795199995,261.88798568498044,,24.026420705044075
43.008,219,218,212,2,2,50,140,,,77.19835371617438,77.37929016024219,78.48188310973973,349.9147799075381,349.9147799075381,90,0.0006000002999999999,0.006220803110399999,0.0,,0.0
43.108,218,217,212,2,2,51,141,,,77.37929016024219,77.56102076551883,78.48188310973973,349.9147799075381,349.9147799075381,90,0.0006000002999999999,0.006220803110399999,0.0,,0.0
43.209,218,218,212,1,1,49,141,,,77.37929016024219,77.37929016024219,78.48188310973973,426.52186008440685,426.52186008440685,92,0.00061333364,0.0063590431795199995,0.0,,0.0
43.309,218,218,211,3,2,51,142,,,77.37929016024219,77.37929016024219,78.66855859407826,312.3756795479892,349.9147799075381,91,0.00060666697,0.00628992314496,-409.1761939190831,,-37.53910035954891
43.41,219,218,211,2,2,51,140,,,77.19835371617438,77.37929016024219,78.66855859407826,349.9147799075381,349.9147799075381,89,0.00059333363,0.00615168307584,0.0,,0.0
43.51,218,218,212,1,2,44,137,,,77.37929016024219,77.37929016024219,78.48188310973973,426.52186008440685,349.9147799075381,93,0.00062000031,0.006428163214079999,835.0171739278694,,76.60708017686875
43.611,217,218,211,2,1,50,141,,,77.56102076551883,77.37929016024219,78.66855859407826,349.9147799075381,426.52186008440685,91,0.00060666697,0.00628992314496,-835.0171739278694,,-76.60708017686875
43.711,218,218,211,2,1,50,141,,,77.37929016024219,77.37929016024219,78.66855859407826,349.9147799075381,426.52186008440685,91,0.00060666697,0.00628992314496,-835.0171739278694,,-76.60708017686875
43.812,217,218,211,2,2,45,137,,,77.56102076551883,77.37929016024219,78.66855859407826,349.9147799075381,349.9147799075381,92,0.00061333364,0.0063590431795199995,0.0,,0.0
43.912,218,218,210,3,1,51,142,,,77.37929016024219,77.37929016024219,78.85608941280901,312.3756795479892,426.52186008440685,91,0.00060666697,0.00628992314496,-1244.1933678469525,,-114.14618053641766
44.012,219,217,211,1,1,51,142,,,77.19835371617438,77.56102076551883,78.66855859407826,426.52186008440685,426.52186008440685,91,0.00060666697,0.00628992314496,0.0,,0.0
44.113,219,218,211,2,0,51,141,,,77.19835371617438,77.37929016024219,78.66855859407826,349.9147799075381,,90,0.0006000002999999999,0.006220803110399999,,,
44.213,219,217,211,2,1,53,144,,,77.19835371617438,77.56102076551883,78.66855859407826,349.9147799075381,426.52186008440685,91,0.00060666697,0.00628992314496,-835.0171739278694,,-76.60708017686875
44.313,218,218,212,3,2,51,141,,,77.37929016024219,77.37929016024219,78.48188310973973,312.3756795479892,349.9147799075381,90,0.0006000002999999999,0.006220803110399999,-409.1761939190831,,-37.53910035954891
44.414,219,218,211,4,5,51,142,,,77.19835371617438,77.37929016024219,78.66855859407826,288.3492588429451,271.01235118159354,91,0.00060666697,0.00628992314496,188.97229350873218,,17.336907661351574
44.514,219,217,211,1,0,48,138,,,77.19835371617438,77.56102076551883,78.66855859407826,426.52186008440685,,90,0.0006000002999999999,0.006220803110399999,,,
44.614,217,217,212,0,0,52,142,,,77.56102076551883,77.56102076551883,78.48188310973973,,,90,0.0006000002999999999,0.006220803110399999,,,
44.715,218,218,211,0,1,44,140,,,77.37929016024219,77.37929016024219,78.66855859407826,,426.52186008440685,96,0.00064000032,0.0066355233177600005,,,
44.815,218,219,211,1,1,51,142,,,77.37929016024219,77.19835371617438,78.66855859407826,426.52186008440685,426.52186008440685,91,0.00060666697,0.00628992314496,0.0,,0.0
